epoch,train_accuracy,train_precision,train_recall,train_f1,train_roc_auc,train_pr_auc,train_threshold,train_loss,val_accuracy,val_precision,val_recall,val_f1,val_roc_auc,val_pr_auc,val_threshold,val_loss,val_best_threshold,val_best_threshold_score,val_optimized_f1,val_optimized_precision,val_optimized_recall,val_optimized_f1_epoch,val_optimized_precision_epoch,val_optimized_recall_epoch,monitor_score,lr
1,0.5273699397436985,0.47493887530562345,0.28751156336725253,0.3581883139333871,0.5067701502824377,0.4646029091948284,0.5,0.08761301338938211,0.5412563667232597,0.0,0.0,0.0,0.5264525928560748,0.48699543156134506,0.5,0.08628320660068953,0.4874005615711212,0.6293966922893427,0.629396692289774,0.4592114208021754,1.0,0.629396692289774,0.4592114208021754,1.0,0.629396692289774,0.0005
2,0.5284732241364678,0.46169457128361235,0.1683626271970398,0.24674620390455532,0.4972774561259231,0.45746240666389304,0.5,0.08673420757988581,0.4587436332767402,0.4587436332767402,1.0,0.6289571694599627,0.5203824575318065,0.4805255632776575,0.5,0.08689114906032948,0.5027565360069275,0.6290247316841227,0.6290247316845544,0.45928449744463373,0.997779422649889,0.6290247316845544,0.45928449744463373,0.997779422649889,0.6290247316845544,0.0005
3,0.534074514130527,0.4604651162790698,0.09158186864014801,0.1527777777777778,0.4959364101100307,0.45887972818652334,0.5,0.08652259345437253,0.5378607809847199,0.48579545454545453,0.12657290895632864,0.2008220786846741,0.5260511522205309,0.4813889380766656,0.5,0.08660279058033825,0.4975692629814148,0.6289571694595315,0.6289571694599627,0.4587436332767402,1.0,0.6289571694599627,0.4587436332767402,1.0,0.6289571694599627,0.0005
4,0.5350929304930833,0.45006839945280436,0.06086956521739131,0.10723598435462842,0.4968546335707069,0.4588942181015583,0.5,0.08647286369075073,0.5412563667232597,0.0,0.0,0.0,0.5242779873080676,0.4775484260489268,0.5,0.08624664296875179,0.48173844814300537,0.6301050175024854,0.6301050175029171,0.4601226993865031,0.999259807549963,0.6301050175029171,0.4601226993865031,0.999259807549963,0.6301050175029171,0.0005
5,0.5356021386743613,0.44773790951638065,0.05309898242368177,0.09493880251405888,0.4977257043102315,0.45742717520345283,0.5,0.08645606407318537,0.5412563667232597,0.0,0.0,0.0,0.517308847853767,0.4796203909337743,0.5,0.08627973090610601,0.485867977142334,0.6296382730450758,0.6296382730455076,0.4597818677573279,0.9985196150999259,0.6296382730455076,0.4597818677573279,0.9985196150999259,0.6296382730455076,0.0005
6,0.5364508189764916,0.46332046332046334,0.0666049953746531,0.11646716273050793,0.49495766117861784,0.45684202401258256,0.5,0.08645589949142181,0.5412563667232597,0.0,0.0,0.0,0.5255798251585562,0.4809960817631598,0.5,0.08635175936493282,0.48879334330558777,0.6292501164411151,0.6292501164415464,0.45905538566089027,1.0,0.6292501164415464,0.45905538566089027,1.0,0.6292501164415464,0.0005
7,0.5371297632181957,0.4439359267734554,0.03589269195189639,0.06641561109209175,0.4875942220439189,0.4511889209651385,0.5,0.08648580187846452,0.5412563667232597,0.0,0.0,0.0,0.5196503914104242,0.4770316108594185,0.5,0.08630812725207195,0.4684942960739136,0.6292501164411151,0.6292501164415464,0.45905538566089027,1.0,0.6292501164415464,0.45905538566089027,1.0,0.6292501164415464,0.0005
8,0.5372146312484087,0.46238244514106586,0.0545790934320074,0.09763362568260797,0.5062291630950402,0.4627201253195716,0.5,0.08636408685995445,0.5412563667232597,0.0,0.0,0.0,0.5227688119864742,0.4754026979280934,0.5,0.08663896727288721,0.4601639211177826,0.6292501164411151,0.6292501164415464,0.45905538566089027,1.0,0.6292501164415464,0.45905538566089027,1.0,0.6292501164415464,0.0005
9,0.5409488245777816,0.4929078014184397,0.025716928769657723,0.04888341832248989,0.5095782391424732,0.4667858173582877,0.5,0.08630025174415325,0.5412563667232597,0.0,0.0,0.0,0.5254920608090852,0.47818114251827315,0.5,0.08623040169730453,0.4773339629173279,0.6292501164411151,0.6292501164415464,0.45905538566089027,1.0,0.6292501164415464,0.45905538566089027,1.0,0.6292501164415464,0.0005
10,0.5378087074598998,0.43843843843843844,0.027012025901942644,0.050888811432554894,0.512036649456141,0.4662483048246603,0.5,0.08629080092010075,0.533446519524618,0.478584729981378,0.19022945965951146,0.2722457627118644,0.5235357052306624,0.4808948298510842,0.5,0.08637858606457507,0.4766724705696106,0.6293966922893427,0.629396692289774,0.4592114208021754,1.0,0.629396692289774,0.4592114208021754,1.0,0.629396692289774,0.00025
11,0.5363659509462786,0.46143617021276595,0.06419981498612395,0.11271723241838558,0.5218686807593982,0.47121190923261647,0.5,0.08622880205467785,0.5412563667232597,0.0,0.0,0.0,0.5289480722955346,0.4836624547743292,0.5,0.0861344976973655,0.46504107117652893,0.6293706293701979,0.6293706293706294,0.45933991153453557,0.999259807549963,0.6293706293706294,0.45933991153453557,0.999259807549963,0.6293706293706294,0.00025
12,0.5400152762454383,0.49146757679180886,0.07992599444958372,0.13749204328453216,0.5285630182846969,0.48000065523913016,0.5,0.08614359995163551,0.4964346349745331,0.4651531151003168,0.6521095484826055,0.5429892141756548,0.5351384772838931,0.487327180875999,0.5,0.08661029660135053,0.48064562678337097,0.6293673276671764,0.6293673276676109,0.46204506065857887,0.9866765358993338,0.6293673276676109,0.46204506065857887,0.9866765358993338,0.6293673276676109,0.00025
13,0.5398455401850123,0.4914572864321608,0.0904717853839038,0.1528125,0.5304501714235654,0.4812244886179006,0.5,0.08614262462934512,0.501528013582343,0.47082294264339153,0.698741672834937,0.5625744934445769,0.5342278641129252,0.4890281952112734,0.5,0.08666381157163043,0.4772128462791443,0.6301241508545684,0.6301241508550012,0.4609321453050034,0.9955588452997779,0.6301241508550012,0.4609321453050034,0.9955588452997779,0.6301241508550012,0.00025
14,0.5389119918526691,0.4897959183673469,0.12432932469935246,0.1983178397521027,0.5353258585174697,0.4827586140960884,0.5,0.08607373517005056,0.5477079796264855,0.5173674588665448,0.20947446336047373,0.2982086406743941,0.5380200734248621,0.48806526441673004,0.5,0.08606207280946304,0.4631531834602356,0.6310861423216648,0.6310861423220974,0.46148579253680244,0.997779422649889,0.6310861423220974,0.46148579253680244,0.997779422649889,0.6310861423220974,0.00025
15,0.5448527539675804,0.5107033639143731,0.18538390379278447,0.2720238903217049,0.5469400625241312,0.4945219479210936,0.5,0.0858730890636461,0.5398981324278438,0.4976689976689977,0.3160621761658031,0.3866002716161159,0.5473939096185083,0.4978612805245279,0.5,0.08589698226524735,0.4448394477367401,0.630790828263489,0.6307908282639214,0.46117003079028396,0.997779422649889,0.6307908282639214,0.46117003079028396,0.997779422649889,0.6307908282639214,0.00025
16,0.5490961554782313,0.5189612530915086,0.23293246993524513,0.3215425871536202,0.5525843636297182,0.5004038661020402,0.5,0.08577576522323116,0.5402376910016978,0.4988253719655442,0.47150259067357514,0.484779299847793,0.5574303898687436,0.5078732427054627,0.5,0.08593218560838133,0.4550262987613678,0.6307189542479341,0.630718954248366,0.4606205250596659,1.0,0.630718954248366,0.4606205250596659,1.0,0.630718954248366,0.00025
17,0.5552066536535687,0.5298833819241983,0.26901017576318226,0.35685360166891644,0.5632161926882678,0.5108186063746638,0.5,0.08559221501432047,0.5415959252971138,0.5005574136008919,0.3323464100666173,0.3994661921708185,0.5541436381991313,0.5028347646795419,0.5,0.08572387705685125,0.4439288377761841,0.6304604486418323,0.6304604486422668,0.4628987517337032,0.9881569207994079,0.6304604486422668,0.4628987517337032,0.9881569207994079,0.6304604486422668,0.00025
18,0.5508783841127047,0.5198176078568923,0.2741905642923219,0.35901162790697677,0.5620579269221296,0.5092719939111119,0.5,0.0856213284327443,0.5565365025466893,0.5547445255474452,0.1687638786084382,0.25879682179341656,0.5592179499919665,0.508992993244737,0.5,0.0857369241922942,0.43112993240356445,0.6323040380043148,0.6323040380047505,0.46554739419377406,0.9851961509992598,0.6323040380047505,0.46554739419377406,0.9851961509992598,0.6323040380047505,0.00025
19,0.5622507001612492,0.5359743664433441,0.3404255319148936,0.4163837972391944,0.5765913354445453,0.5226578799200398,0.5,0.08517077543694429,0.5521222410865875,0.5182648401826484,0.3360473723168024,0.407723394701392,0.5614522260103813,0.5088794892469028,0.5,0.08553116310938105,0.44423267245292664,0.6334212419079771,0.6334212419084152,0.4684397163120567,0.9777942264988897,0.6334212419084152,0.4684397163120567,0.9777942264988897,0.6334212419084152,0.00025
20,0.5753203768140541,0.5566544221531506,0.364477335800185,0.4405187835420394,0.5895049007791294,0.535918758026133,0.5,0.08493652935117309,0.5629881154499151,0.5893854748603352,0.15618060695780903,0.24692802808660036,0.577747140228856,0.5251073020929948,0.5,0.08544022444958194,0.4267101585865021,0.6341111378393495,0.6341111378397883,0.46970776906628653,0.9755736491487786,0.6341111378397883,0.46970776906628653,0.9755736491487786,0.6341111378397883,0.00025
21,0.5737927522702199,0.549115157732752,0.39611470860314524,0.4602321582115219,0.5991956334636668,0.5411125490761557,0.5,0.08454433208226976,0.5786078098471986,0.5448613376835236,0.4944485566247224,0.5184322856034148,0.5915679356431919,0.5339097709546484,0.5,0.08484012564495585,0.42331814765930176,0.6341579448140262,0.6341579448144624,0.4672274798457764,0.9866765358993338,0.6341579448144624,0.4672274798457764,0.9866765358993338,0.6341579448144624,0.00025
22,0.5735381481795807,0.5476190476190477,0.40425531914893614,0.4651410324640766,0.5973428549631031,0.542100345779432,0.5,0.08453366752303862,0.5724957555178268,0.5416666666666666,0.44263508512213173,0.48716904276985745,0.5902226799796053,0.5394724214809362,0.5,0.0849268153891701,0.4142354428768158,0.6346987951802837,0.6346987951807229,0.4705251875669882,0.9748334566987417,0.6346987951807229,0.4705251875669882,0.9748334566987417,0.6346987951807229,0.00025
23,0.5828736315030129,0.5601669941060904,0.4220166512488437,0.48137596285744433,0.6048206731685497,0.5517978333131122,0.5,0.08437278217632176,0.5755517826825127,0.5621156211562116,0.33826794966691337,0.422365988909427,0.5976204252252386,0.542733731132218,0.5,0.08456374069324778,0.4367426931858063,0.6373517786556816,0.6373517786561265,0.4783092324805339,0.9548482605477424,0.6373517786561265,0.4783092324805339,0.9548482605477424,0.6373517786561265,0.00025
24,0.5811762708987525,0.5580533596837944,0.4179463459759482,0.4779435099968264,0.6075381261151813,0.5504307029195018,0.5,0.08427698134447736,0.5806451612903226,0.5538033395176253,0.44189489267209475,0.4915603128859613,0.6014804313362377,0.5476670213321149,0.5,0.0844270939889707,0.4231095016002655,0.6356858846914029,0.635685884691849,0.4784885895997007,0.9467061435973353,0.635685884691849,0.4784885895997007,0.9467061435973353,0.635685884691849,0.00025
25,0.587965713315794,0.5668449197860963,0.4314523589269195,0.48996743355394473,0.6191908964354516,0.5622411462275677,0.5,0.08380198040819832,0.5769100169779287,0.5511197663096398,0.41894892672094747,0.4760302775441548,0.606477194735625,0.5513124206248585,0.5,0.08411645769870545,0.4334234893321991,0.6393484347157615,0.6393484347162128,0.48719937936384794,0.9296817172464841,0.6393484347162128,0.48719937936384794,0.9296817172464841,0.6393484347162128,0.00025
26,0.5888992616481371,0.5636198684508958,0.4597594819611471,0.5064194008559201,0.6192479409301573,0.561491058736302,0.5,0.083766019536301,0.5884550084889644,0.5476353666895134,0.5914137675795706,0.5686832740213523,0.6128275723080724,0.5535525805297197,0.5,0.08428902735329646,0.4441162049770355,0.6378720042133945,0.637872004213853,0.49509403107113653,0.8963730569948186,0.637872004213853,0.49509403107113653,0.8963730569948186,0.637872004213853,0.00025
27,0.6035814308749894,0.5809439788266432,0.48732654949121185,0.5300332025354664,0.6379860494083937,0.5853625106440642,0.5,0.0829277265442912,0.5894736842105263,0.5451653944020356,0.6343449296817173,0.586383852206637,0.6257117502997454,0.5633885820471948,0.5,0.08395463763807343,0.45387768745422363,0.6423576423571952,0.6423576423576424,0.4847342630983792,0.9518874907475944,0.6423576423576424,0.4847342630983792,0.9518874907475944,0.6423576423576424,0.00025
28,0.602138674361368,0.5778839887030198,0.4921369102682701,0.5315747402078337,0.6380860839570808,0.5786355262841699,0.5,0.08287680354454638,0.5762308998302207,0.5788667687595712,0.27979274611398963,0.3772455089820359,0.6214066535592855,0.5635679140430798,0.5,0.08393060043327674,0.4139113128185272,0.6417571320369149,0.6417571320373643,0.4869731800766284,0.9407846039970392,0.6417571320373643,0.4869731800766284,0.9407846039970392,0.6417571320373643,0.00025
29,0.6015445981498769,0.5748313659359191,0.5045328399629972,0.5373928465858705,0.6404420230388398,0.5773696775163601,0.5,0.0827140216851977,0.5891341256366723,0.5528089887640449,0.5462620281273131,0.5495160089352197,0.6285436597455113,0.5694238834004839,0.5,0.08325419408760977,0.41828322410583496,0.6433841613374804,0.6433841613379242,0.481767955801105,0.9681717246484086,0.6433841613379242,0.481767955801105,0.9681717246484086,0.6433841613379242,0.00025
30,0.6130866502588475,0.5899617184176946,0.5132284921369102,0.5489264865934501,0.6471555929567091,0.5852779456997934,0.5,0.08251671868080114,0.5969439728353141,0.5589928057553957,0.5751295336787565,0.5669463699379789,0.6334672861870059,0.573851064664901,0.5,0.08349427624347862,0.42380157113075256,0.6446104589109584,0.6446104589114194,0.5039632874426366,0.8941524796447077,0.6446104589114194,0.5039632874426366,0.8941524796447077,0.6446104589114194,0.00025
31,0.6118136298056522,0.5866889213436262,0.520259019426457,0.5514806824867621,0.648596644513155,0.5899639626970241,0.5,0.08236347522191703,0.599320882852292,0.5499124343257443,0.6972612879348631,0.6148825065274152,0.6443900006222446,0.5818173060325544,0.5,0.0830930074174052,0.4569774866104126,0.652279471270106,0.6522794712705692,0.5131578947368421,0.8948926720947447,0.6522794712705692,0.5131578947368421,0.8948926720947447,0.6522794712705692,0.00025
32,0.6173300517694984,0.5936063518595904,0.5256244218316374,0.5575507801000883,0.6637159883259668,0.602426585149497,0.5,0.08163006629705996,0.6061120543293718,0.593170731707317,0.45003700962250187,0.5117845117845118,0.6439576799378126,0.5870494117295824,0.5,0.08271210257387727,0.42264121770858765,0.6496232508068568,0.6496232508073198,0.5103594080338266,0.8934122871946706,0.6496232508073198,0.5103594080338266,0.8934122871946706,0.6496232508073198,0.00025
33,0.6234405499448358,0.5986145069274653,0.5435707678075856,0.5697663143605158,0.667442184614144,0.6072075530943392,0.5,0.08130267633881277,0.6081494057724958,0.5810699588477366,0.5225758697261288,0.5502727981293842,0.6482753144424828,0.5893167628095138,0.5,0.08233940479913268,0.41772276163101196,0.6481774960375759,0.6481774960380349,0.5039014373716633,0.9082161361954109,0.6481774960380349,0.5039014373716633,0.9082161361954109,0.6481774960380349,0.00025
34,0.6269201391835696,0.6031908365718961,0.5456059204440333,0.5729551194870799,0.6691502850484247,0.6118030089638947,0.5,0.08126503914571886,0.5932088285229202,0.5388127853881278,0.7860843819393042,0.6393738711619507,0.6558276921133749,0.5960102140555914,0.5,0.08426129957613597,0.47464805841445923,0.6514317180612066,0.651431718061674,0.5186321788689171,0.8756476683937824,0.651431718061674,0.5186321788689171,0.8756476683937824,0.651431718061674,0.00025
35,0.6303997284223033,0.6055488540410132,0.5572617946345976,0.5804027362944407,0.6769595501882772,0.6224493748947842,0.5,0.0807014316431707,0.6166383701188455,0.6161087866108786,0.4359733530717987,0.5106198526224534,0.6639656298090453,0.598697421580491,0.5,0.08204316662305078,0.40541982650756836,0.6558704453436662,0.6558704453441295,0.516142735768904,0.8993338267949667,0.6558704453441295,0.516142735768904,0.8993338267949667,0.6558704453441295,0.00025
36,0.6325214291776288,0.6073497104054324,0.562627197039778,0.5841336918939685,0.6814639621803558,0.6217781408740337,0.5,0.08041731778067199,0.632258064516129,0.597953216374269,0.6054774241302738,0.6016917984553145,0.670462049116459,0.6067809665289597,0.5,0.0811529081017538,0.44740885496139526,0.6553802008603572,0.6553802008608322,0.53514526710403,0.845299777942265,0.6553802008608322,0.53514526710403,0.845299777942265,0.6553802008608322,0.00025
37,0.6328609012984808,0.6074059327095361,0.564477335800185,0.5851553509781358,0.6843148815496377,0.6247979555189702,0.5,0.08021573262479019,0.6159592529711375,0.5608407079646017,0.7505551443375278,0.6419753086419753,0.6737039898880609,0.6093728675712947,0.5,0.08193727529565022,0.48803845047950745,0.6585001493870297,0.6585001493875112,0.5521042084168337,0.8156920799407846,0.6585001493875112,0.5521042084168337,0.8156920799407846,0.6585001493875112,0.00025
38,0.6402444199270135,0.6162744315915437,0.5716928769657724,0.5931471350417507,0.6893069347714406,0.6311658784137978,0.5,0.07989443267172285,0.6292020373514431,0.6071133167907361,0.543301258327165,0.5734375,0.6767490413253996,0.6147159181019716,0.5,0.08068094678058689,0.43380048871040344,0.658659217876625,0.658659217877095,0.5289367429340511,0.8726868985936344,0.658659217877095,0.5289367429340511,0.8726868985936344,0.658659217877095,0.00025
39,0.6408384961385046,0.6162998215348007,0.5750231267345051,0.5949464012251149,0.6890732307431682,0.6339987298965335,0.5,0.07995567879960704,0.6366723259762309,0.6017378711078928,0.615099925980755,0.6083455344070278,0.6873669023456764,0.6241258545944308,0.5,0.08009261195951083,0.4568306803703308,0.66627974463098,0.6662797446314568,0.5479713603818616,0.8497409326424871,0.6662797446314568,0.5479713603818616,0.8497409326424871,0.6662797446314568,0.00025
40,0.6443180853772384,0.6241308793456033,0.5646623496762257,0.5929091792132103,0.6940350864979031,0.6401245088787826,0.5,0.07950060898021558,0.6118845500848896,0.5526315789473685,0.8082901554404145,0.6564472497745717,0.6924783630695048,0.6289520683186725,0.5,0.082480094621056,0.48427972197532654,0.6657175398628523,0.6657175398633257,0.5409532623785285,0.8652849740932642,0.6657175398633257,0.5409532623785285,0.8652849740932642,0.6657175398633257,0.00025
41,0.6549265891538657,0.6313002549519514,0.5955596669750232,0.6129093678598629,0.7056877117775053,0.6486599731650908,0.5,0.07867263739960693,0.6444821731748727,0.622778675282714,0.5706883789785344,0.5955967555040557,0.6919285588908072,0.6278250454156138,0.5,0.07970746609371263,0.4369197189807892,0.663581139716041,0.6635811397165172,0.5446343779677113,0.8490007401924501,0.6635811397165172,0.5446343779677113,0.8490007401924501,0.6635811397165172,0.00025
42,0.6528048883985402,0.6289246467817896,0.5929694727104533,0.610418055423293,0.705692193534145,0.6503252288199908,0.5,0.07872703565921826,0.6512733446519524,0.6175616835994194,0.6299037749814952,0.6236716746060829,0.6956829227292948,0.6327397460263513,0.5,0.07946154730226876,0.4471581280231476,0.668614845119335,0.668614845119813,0.552390149686142,0.846780162842339,0.668614845119813,0.552390149686142,0.846780162842339,0.668614845119813,0.00025
43,0.6573028939998302,0.6332099006041707,0.6011100832562443,0.6167425968109339,0.7130558792379795,0.6575411202460011,0.5,0.07807936460610602,0.6417657045840407,0.5967320261437908,0.6757957068837898,0.6338077056577577,0.69625826679805,0.6407550265283901,0.5,0.07981055679972994,0.44202253222465515,0.6689419795217111,0.6689419795221843,0.5431870669745958,0.8704663212435233,0.6689419795221843,0.5431870669745958,0.8704663212435233,0.6689419795221843,0.00025
44,0.6535687006704575,0.6304476434628279,0.5914893617021276,0.6103474608629248,0.7094086866016363,0.6548772227854014,0.5,0.07837175858880227,0.6495755517826826,0.5986394557823129,0.7165062916358254,0.6522911051212938,0.7019030468624476,0.6419145394009043,0.5,0.07966780944874412,0.46656888723373413,0.6678291194415455,0.6678291194420227,0.5497607655502392,0.850481125092524,0.6678291194420227,0.5497607655502392,0.850481125092524,0.6678291194420227,0.00025
45,0.6601884070270729,0.6386854088299346,0.5968547641073081,0.617061973986228,0.7151159353571148,0.6623997757085764,0.5,0.0778876665429825,0.6210526315789474,0.5588972431077694,0.8253145817912657,0.6664674237895996,0.7084928028589818,0.650035846235437,0.5,0.08181140564748914,0.5078446865081787,0.6742400982494378,0.6742400982499233,0.5760755508919203,0.8127313101406366,0.6742400982499233,0.5760755508919203,0.8127313101406366,0.6742400982499233,0.00025
46,0.6682508698973096,0.6441233140655106,0.6185013876040703,0.6310523831996224,0.7235062624209202,0.6663984635764616,0.5,0.07731567025671515,0.6624787775891341,0.6176664469347396,0.6935603256846781,0.6534170153417015,0.7111872612600731,0.6504024174975045,0.5,0.07851531806390841,0.432959645986557,0.6748057713646812,0.6748057713651499,0.5397248113626276,0.9000740192450037,0.6748057713651499,0.5397248113626276,0.9000740192450037,0.6748057713651499,0.00025
47,0.6675719256556055,0.6455399061032864,0.61054579093432,0.6275553865170677,0.7252403976550985,0.6772727545727224,0.5,0.07697438751104317,0.669269949066214,0.6355140186915887,0.6543301258327165,0.6447848285922684,0.7133258787811807,0.6529540087697114,0.5,0.07828649376821033,0.4546300768852234,0.6732734592748307,0.6732734592753175,0.5788072417465389,0.8045891931902295,0.6732734592753175,0.5788072417465389,0.8045891931902295,0.6732734592753175,0.00025
48,0.6769074089790376,0.6574074074074074,0.6173913043478261,0.6367713004484304,0.730855400545759,0.6830152264127761,0.5,0.07664840510866693,0.666893039049236,0.6586620926243568,0.5684678016284234,0.6102502979737783,0.7168248437190909,0.6613346010410417,0.5,0.07833436146150825,0.4126909077167511,0.6778169014079722,0.6778169014084507,0.5614973262032086,0.8549222797927462,0.6778169014084507,0.5614973262032086,0.8549222797927462,0.6778169014084507,0.00025
49,0.674021895951795,0.6543624161073825,0.6133209990749307,0.6331773469582657,0.7284367748873106,0.6807737606671564,0.5,0.07677039374236713,0.667572156196944,0.6131386861313869,0.7461139896373057,0.6731218697829716,0.7234489624767936,0.6674520880532431,0.5,0.07821262061393525,0.46820294857025146,0.6777448071211813,0.6777448071216617,0.5656265477959386,0.845299777942265,0.6777448071216617,0.5656265477959386,0.845299777942265,0.6777448071216617,0.00025
50,0.6732580836798778,0.6529006882989183,0.6142460684551342,0.6329837940896091,0.735277879064511,0.6864609948957243,0.5,0.07622161901918825,0.6716468590831919,0.6568627450980392,0.5951147298297558,0.6244660194174757,0.7250463665094957,0.6605194146037712,0.5,0.07772602373908048,0.42675158381462097,0.6811240073299978,0.6811240073304826,0.5798231929277171,0.8253145817912657,0.6811240073304826,0.5798231929277171,0.8253145817912657,0.6811240073304826,0.00025
51,0.6837817194262921,0.6641893213377664,0.6283071230342275,0.6457501426126641,0.7426494549806819,0.6934094148026645,0.5,0.07552708248815451,0.6774193548387096,0.6323432343234323,0.7091043671354552,0.6685275645498954,0.7339110301677182,0.6728041777627078,0.5,0.07718659297061897,0.46622881293296814,0.6882057716431753,0.6882057716436637,0.5971692977681001,0.8119911176905995,0.6882057716436637,0.5971692977681001,0.8119911176905995,0.6882057716436637,0.00025
52,0.6775863532207418,0.6569585613760751,0.621831637372803,0.6389126508886988,0.7435223387285561,0.6924105638335414,0.5,0.07538994511653113,0.66553480475382,0.6022346368715084,0.7979274611398963,0.6864056033110474,0.7382059109521549,0.6835582631288387,0.5,0.07823868287388862,0.4957239031791687,0.6903266331653406,0.6903266331658291,0.5995635570103656,0.8134715025906736,0.6903266331658291,0.5995635570103656,0.8134715025906736,0.6903266331658291,0.00025
53,0.692353390477807,0.6690729483282675,0.6516188714153561,0.6602305745618146,0.754831638243047,0.7065880234138644,0.5,0.07430038765562236,0.6757215619694398,0.6213235294117647,0.7505551443375278,0.6798524974857526,0.739568347996326,0.6864538737430804,0.5,0.07688212783055313,0.46489396691322327,0.6908650937684215,0.690865093768905,0.5841432225063938,0.845299777942265,0.690865093768905,0.5841432225063938,0.845299777942265,0.690865093768905,0.00025
54,0.6837817194262921,0.6629780625121335,0.6318223866790009,0.6470253884046987,0.7521570448137953,0.7099950394304814,0.5,0.07453003627347145,0.6896434634974533,0.6612546125461255,0.6632124352331606,0.6622320768662232,0.7415400275087833,0.6873948667791161,0.5,0.0757845612530595,0.4409077763557434,0.688574012661561,0.688574012662044,0.5808748728382502,0.845299777942265,0.688574012662044,0.5808748728382502,0.845299777942265,0.688574012662044,0.00025
55,0.6854790800305525,0.6635226179018286,0.6377428307123034,0.650377358490566,0.7526048578761,0.7069720438250123,0.5,0.07455868992980101,0.6933786078098472,0.6647058823529411,0.6691339748334567,0.66691257838436,0.7458253888796532,0.6938577446070802,0.5,0.07536617472944923,0.4579210579395294,0.6931890515590259,0.6931890515595163,0.6080402010050251,0.8060695780903034,0.6931890515595163,0.6080402010050251,0.8060695780903034,0.6931890515595163,0.00025
56,0.6903165577526945,0.671618451915559,0.6357076780758557,0.6531698507746412,0.7568348819325451,0.7138764696250417,0.5,0.07410206191091882,0.6753820033955857,0.7221597300337458,0.47520355292376015,0.5732142857142857,0.7482997398646107,0.6966477919657138,0.5,0.07670390864483165,0.4131317138671875,0.699348433136342,0.699348433136829,0.6020299145299145,0.8341968911917098,0.699348433136829,0.6020299145299145,0.8341968911917098,0.699348433136829,0.00025
57,0.6891284053297123,0.6732988460007958,0.6260869565217392,0.6488352027610008,0.7541833064572976,0.7133135011702568,0.5,0.07428980687068656,0.700509337860781,0.6517799352750809,0.7453737971872687,0.6954419889502762,0.7558302925385443,0.7027496735046677,0.5,0.07484604088883651,0.47137826681137085,0.7036450079234405,0.7036450079239303,0.61529933481153,0.8216136195410807,0.7036450079239303,0.61529933481153,0.8216136195410807,0.7036450079239303,0.00025
58,0.6947296953237715,0.6731137495212562,0.6503237742830712,0.6615225369342241,0.7632099994517463,0.7156035290087968,0.5,0.0733999119870612,0.6933786078098472,0.6717791411042945,0.6484085862324205,0.6598870056497175,0.7543018462089981,0.7024076913404307,0.5,0.07482309363440869,0.4459814727306366,0.7013821922206593,0.7013821922211507,0.6198863636363636,0.8075499629903775,0.7013821922211507,0.6198863636363636,0.8075499629903775,0.7013821922211507,0.00025
59,0.6989730968344224,0.6770873046130385,0.6571692876965772,0.6669796263261666,0.7681323751366645,0.7291282423021787,0.5,0.07278466142722244,0.6743633276740237,0.6074561403508771,0.8201332346410066,0.6979527559055118,0.7576255146287846,0.7097461443058608,0.5,0.07864753491607303,0.5035363435745239,0.6998730964462107,0.6998730964467005,0.6124375347029428,0.8164322723908216,0.6998730964467005,0.6124375347029428,0.8164322723908216,0.6998730964467005,0.00025
60,0.6963421878978189,0.6755043227665706,0.650508788159112,0.6627709707822809,0.7670208849859412,0.7194931742872162,0.5,0.07299014355481141,0.6641765704584041,0.5985838779956427,0.8134715025906736,0.6896768120489488,0.7534202556403686,0.7015020441210568,0.5,0.07911540580777442,0.5337927937507629,0.6971428571423612,0.6971428571428572,0.6385467980295566,0.767579570688379,0.6971428571428572,0.6385467980295566,0.767579570688379,0.6971428571428572,0.00025
61,0.7010947975897479,0.6770069561947735,0.6662349676225717,0.6715777694889966,0.7721131468052327,0.7280507224151989,0.5,0.07242003309029144,0.6960950764006791,0.6330221703617269,0.8031088082901554,0.7079934747145188,0.7648923098926673,0.7167318709170138,0.5,0.07612520199528372,0.49897831678390503,0.7083740632122799,0.7083740632127729,0.6327124563445867,0.8045891931902295,0.7083740632127729,0.6327124563445867,0.8045891931902295,0.7083740632127729,0.00025
62,0.7091572604599847,0.6901191849288735,0.6641998149861239,0.6769114735551994,0.7754784674074764,0.7329370638346856,0.5,0.07200723891927786,0.7093378607809847,0.7040395713107996,0.6321243523316062,0.6661466458658346,0.7680864214156157,0.7164289866179804,0.5,0.07345973517625562,0.44367098808288574,0.7123724489791013,0.7123724489795918,0.6257703081232493,0.8267949666913398,0.7123724489795918,0.6257703081232493,0.8267949666913398,0.7123724489795918,0.00025
63,0.7034711024357124,0.6856421216242471,0.652913968547641,0.6688779378316907,0.7762327514011654,0.7333046421216936,0.5,0.07207449384335295,0.7073005093378608,0.6609611586570112,0.7431532198371577,0.6996515679442509,0.7676701212076745,0.7169079929748299,0.5,0.07362863318219857,0.4527725577354431,0.7095163806547384,0.7095163806552263,0.6132686084142395,0.84159881569208,0.7095163806552263,0.6132686084142395,0.84159881569208,0.7095163806552263,0.00025
64,0.7120427734872273,0.6891688604738624,0.6780758556891767,0.6835773570829059,0.7901352330179859,0.7531446830070745,0.5,0.07025659702377439,0.7066213921901529,0.6464221286831028,0.7957068837897854,0.7133377571333775,0.7739046405515874,0.7265799748569433,0.5,0.07441667258764771,0.4915867745876312,0.7150292778134305,0.7150292778139232,0.6378409750435288,0.8134715025906736,0.7150292778139232,0.6378409750435288,0.8134715025906736,0.7150292778139232,0.00025
65,0.7187473478740558,0.6986509595287859,0.6802960222016651,0.6893513310836146,0.7879673536662944,0.748421486921909,0.5,0.0706603441633702,0.7089983022071308,0.6589446589446589,0.7579570688378978,0.7049913941480207,0.774284024009354,0.7280801333932612,0.5,0.07325494792091017,0.48110872507095337,0.7193727540014669,0.7193727540019601,0.643859649122807,0.8149518874907475,0.7193727540019601,0.643859649122807,0.8149518874907475,0.7193727540019601,0.00025
66,0.7204447084783162,0.7017778627413497,0.6791859389454209,0.6902971041745017,0.7883135512366313,0.7482529895305691,0.5,0.07056379585043082,0.7079796264855688,0.6494217894096166,0.7897853441894893,0.7127588510354042,0.7794454036092044,0.7351413071199544,0.5,0.07362824077820737,0.49059411883354187,0.7164763458396376,0.7164763458401305,0.6406067677946324,0.8127313101406366,0.7164763458401305,0.6406067677946324,0.8127313101406366,0.7164763458401305,0.00025
67,0.719171688025121,0.6975122502826988,0.684736355226642,0.6910652600130707,0.7894196893867071,0.7514621321969165,0.5,0.07041012342545959,0.7178268251273344,0.6697127937336814,0.7594374537379719,0.7117585848074922,0.7836938482298998,0.7399016704028767,0.5,0.072332118211254,0.4793892502784729,0.7204763479981825,0.7204763479986768,0.6513157894736842,0.8060695780903034,0.7204763479986768,0.6513157894736842,0.8060695780903034,0.7204763479986768,0.00025
68,0.7209539166595943,0.7021195340843994,0.6802960222016651,0.6910355196391655,0.7931645814169835,0.7530037162641448,0.5,0.0699737241439035,0.7164685908319185,0.6853448275862069,0.7061435973353072,0.6955887714181553,0.7841001646626367,0.7411820388134178,0.5,0.07144744123485579,0.45566990971565247,0.721216041396662,0.7212160413971539,0.6404365307294658,0.8253145817912657,0.7212160413971539,0.6404365307294658,0.8253145817912657,0.7212160413971539,0.00025
69,0.7246881099889672,0.7016234372084345,0.6956521739130435,0.6986250464511334,0.8018504723539434,0.7572391774686622,0.5,0.06889769827502344,0.7191850594227505,0.680939226519337,0.7298297557364914,0.7045373347624152,0.7849727001793364,0.7405458045190001,0.5,0.07301100741420416,0.43052423000335693,0.7182527301087167,0.7182527301092043,0.6208198489751888,0.8519615099925981,0.7182527301092043,0.6208198489751888,0.8519615099925981,0.7182527301092043,0.00025
70,0.7229058813544937,0.6997759522031367,0.693432007400555,0.696589536288449,0.7966623821653354,0.7553670319350723,0.5,0.06944859651515918,0.7252971137521222,0.6737179487179488,0.7779422649888971,0.7220886293369976,0.790398301550875,0.7477923500986936,0.5,0.07135324148249343,0.49602773785591125,0.7235634138043315,0.7235634138048282,0.6691823899371069,0.7875647668393783,0.7235634138048282,0.6691823899371069,0.7875647668393783,0.7235634138048282,0.00025
71,0.7299499278621743,0.7111111111111111,0.6926919518963922,0.7017806935332709,0.8016853725616125,0.7677106956741824,0.5,0.06889903609496491,0.7242784380305602,0.6762589928057554,0.765358993338268,0.7180555555555556,0.7905682579101683,0.7495127533659003,0.5,0.07143941521391602,0.4818379580974579,0.7234323432338293,0.7234323432343235,0.6527695056581299,0.8112509252405625,0.7234323432343235,0.6527695056581299,0.8112509252405625,0.7234323432343235,0.00025
72,0.7286769074089791,0.7094876660341556,0.6917668825161887,0.7005152224824356,0.8017595608632705,0.7663706977380881,0.5,0.06891663616843573,0.7198641765704584,0.6744031830238727,0.7527757216876387,0.7114375655823715,0.794724758926656,0.7568775766329976,0.5,0.07080997475288517,0.468293696641922,0.7278645833328407,0.7278645833333334,0.6496223126089483,0.8275351591413768,0.7278645833333334,0.6496223126089483,0.8275351591413768,0.7278645833333334,0.00025
73,0.72842230331834,0.7096406160867085,0.6904717853839037,0.6999249812453113,0.8030366439445956,0.763728442132388,0.5,0.06864950117942566,0.7123938879456706,0.6418918918918919,0.843819393042191,0.7291333546530221,0.7997115385508387,0.7559578026753636,0.5,0.07258513595636915,0.4905396103858948,0.7325361862801908,0.7325361862806796,0.6371100164203612,0.8615840118430792,0.7325361862806796,0.6371100164203612,0.8615840118430792,0.7325361862806796,0.00025
74,0.7380123907324111,0.71566803126163,0.711563367252544,0.713609796827164,0.8117885864017412,0.7702541672891647,0.5,0.06762945486151543,0.733446519524618,0.7047756874095513,0.7209474463360473,0.7127698499817051,0.7985106993564876,0.7517522899447233,0.5,0.06978179372480244,0.4465912878513336,0.7246006389771451,0.7246006389776358,0.6374367622259697,0.8393782383419689,0.7246006389776358,0.6374367622259697,0.8393782383419689,0.7246006389776358,0.00025
75,0.7369939743698549,0.7151119402985074,0.7091581868640148,0.7121226196005573,0.8127442883710164,0.7742988330103583,0.5,0.06743076648416133,0.733106960950764,0.6968641114982579,0.7401924500370096,0.7178750897343862,0.7995815172923629,0.7595070660834125,0.5,0.07008823258312125,0.4738299250602722,0.7289402173908077,0.7289402173913043,0.6735718769617075,0.7942264988897113,0.7289402173913043,0.6735718769617075,0.7942264988897113,0.7289402173913043,0.00025
76,0.737503182551133,0.7132841328413284,0.715263644773358,0.7142725173210162,0.8096068991784607,0.7725673373797348,0.5,0.06778206154552338,0.7382003395585739,0.7027972027972028,0.7438934122871946,0.7227615965480043,0.798742415813557,0.7519012763410953,0.5,0.06994248008029773,0.45586347579956055,0.7317699967871734,0.7317699967876646,0.6464245175936436,0.8430792005921539,0.7317699967876646,0.6464245175936436,0.8430792005921539,0.7317699967876646,0.00025
77,0.7426801323941271,0.7200074170220656,0.7184088806660499,0.7192072606038156,0.8178055259914327,0.7842864174795229,0.5,0.06667926816232923,0.7392190152801358,0.6960322797579018,0.7660991857883049,0.7293868921775899,0.8059848320914755,0.7678891955324294,0.5,0.06908218928301274,0.4612453281879425,0.7346413637820753,0.7346413637825667,0.6496018202502845,0.845299777942265,0.7346413637825667,0.6496018202502845,0.845299777942265,0.7346413637825667,0.00025
78,0.7436136807264704,0.7253308128544423,0.7098982423681777,0.717531556802244,0.8199453834860755,0.7871948000474769,0.5,0.06626329897283789,0.7354838709677419,0.6886543535620053,0.7727609178386381,0.7282874084408789,0.80893190322332,0.7677343074649982,0.5,0.06896728477322185,0.4541797339916229,0.7336905137089343,0.7336905137094233,0.6388583973655324,0.8615840118430792,0.7336905137094233,0.6388583973655324,0.8615840118430792,0.7336905137094233,0.00025
79,0.7428498684545531,0.7227537047458263,0.7128584643848289,0.7177719821162444,0.8214963903728967,0.7862591469021042,0.5,0.06614682531795386,0.7412563667232598,0.7215951843491347,0.7098445595854922,0.7156716417910448,0.8100904855086665,0.7700182503166002,0.5,0.06858890019420452,0.4497722089290619,0.7344481605346218,0.7344481605351171,0.6699206833435022,0.8127313101406366,0.7344481605351171,0.6699206833435022,0.8127313101406366,0.7344481605351171,0.00025
80,0.7473478740558431,0.7288838612368024,0.715263644773358,0.7220095246988514,0.8227550242812582,0.7902422932147497,0.5,0.06586953398460879,0.7229202037351443,0.6696258719086874,0.7816432272390822,0.7213114754098361,0.8121369272447473,0.7745162741640188,0.5,0.06933599860488053,0.4762657582759857,0.7339331619532361,0.7339331619537275,0.6484951731970471,0.845299777942265,0.7339331619537275,0.6484951731970471,0.845299777942265,0.7339331619537275,0.00025
81,0.7436136807264704,0.722803738317757,0.7154486586493987,0.7191073919107392,0.8162726346840391,0.781821959060151,0.5,0.06690237827698323,0.7504244482173175,0.7376543209876543,0.7076239822353811,0.7223271628258405,0.8138114153092602,0.7756867699775283,0.5,0.06817779603504366,0.42822781205177307,0.7416237113397146,0.7416237113402062,0.6565887050770108,0.8519615099925981,0.7416237113402062,0.6565887050770108,0.8519615099925981,0.7416237113402062,0.00025
82,0.751251803445642,0.7303538175046554,0.7256244218316373,0.7279814385150812,0.8249095163792977,0.7894065120654683,0.5,0.06563688498861385,0.7375212224108659,0.7082132564841499,0.7276091783863805,0.7177802117561154,0.8131884741726702,0.7772995257453443,0.5,0.06819686337622398,0.4453537166118622,0.7387211944169044,0.7387211944173969,0.6578034682080924,0.8423390081421169,0.7387211944173969,0.6578034682080924,0.8423390081421169,0.7387211944173969,0.00025
83,0.7453959093609437,0.7238875442189536,0.7193339500462534,0.7216035634743875,0.8240817402791568,0.7912596513088233,0.5,0.06566693855010572,0.7460101867572156,0.7069320521619766,0.7623982235381199,0.7336182336182336,0.8156879006860478,0.7813025048015423,0.5,0.06819964928871909,0.46986958384513855,0.7440931780361107,0.7440931780366057,0.6759371221281741,0.8275351591413768,0.7440931780366057,0.6759371221281741,0.8275351591413768,0.7440931780366057,0.00025
84,0.7542221845030976,0.734267040149393,0.7274745605920444,0.7308550185873606,0.8288452384163997,0.7954013648872607,0.5,0.06511159332822096,0.7507640067911715,0.7466027178257394,0.691339748334567,0.7179093005380477,0.8166547016151425,0.7822028387552558,0.5,0.06786667802742664,0.4351629912853241,0.7434450713569564,0.7434450713574511,0.6738868832731648,0.8290155440414507,0.7434450713574511,0.6738868832731648,0.8290155440414507,0.7434450713574511,0.00025
85,0.7580412458626835,0.7395872420262665,0.7293246993524515,0.7344201210992082,0.8335277893568578,0.8023107536986027,0.5,0.06427214034031316,0.7422750424448218,0.6818181818181818,0.8216136195410807,0.7452165156092648,0.8212769573539559,0.7863887349262491,0.5,0.06897783145460289,0.49088016152381897,0.7480106100790809,0.7480106100795756,0.6774774774774774,0.8349370836417469,0.7480106100795756,0.6774774774774774,0.8349370836417469,0.7480106100795756,0.00025
86,0.7595688704065179,0.7394785847299814,0.7346901017576318,0.73707656612529,0.8375968907922092,0.8054447547798048,0.5,0.06366335275730536,0.7578947368421053,0.7291666666666666,0.7512953367875648,0.7400656215822092,0.8251000467147807,0.789388242730592,0.5,0.06661505984784387,0.48412612080574036,0.7498238195907626,0.7498238195912614,0.7155346334902488,0.7875647668393783,0.7498238195912614,0.7155346334902488,0.7875647668393783,0.7498238195912614,0.00025
87,0.755664941016719,0.7338022954461311,0.7333950046253469,0.7335985935042102,0.8341040359306345,0.8015975913382275,0.5,0.06417299176810613,0.7120543293718167,0.6345639379347244,0.8778682457438934,0.7366459627329193,0.8199874250868588,0.7849163226426509,0.5,0.0724741873570128,0.5176202654838562,0.7446945337615664,0.7446945337620579,0.6583285957930642,0.8571428571428571,0.7446945337620579,0.6583285957930642,0.8571428571428571,0.7446945337620579,0.00025
88,0.759993210557583,0.7404366486284755,0.7341350601295097,0.7372723894463025,0.8365323648097691,0.8053629554665466,0.5,0.06363511779603637,0.7365025466893039,0.6660889659156557,0.8534418948926721,0.7482154445165476,0.8259331114923005,0.791101379758895,0.5,0.06922945668493953,0.49029430747032166,0.7507987220442377,0.7507987220447284,0.6604834176503653,0.8697261287934863,0.7507987220447284,0.6604834176503653,0.8697261287934863,0.7507987220447284,0.00025
89,0.7615208351014173,0.7400555041628122,0.7400555041628122,0.7400555041628122,0.8377798160826315,0.8079226638494108,0.5,0.06362541864343069,0.7548387096774194,0.7161512027491409,0.771280532938564,0.7426942266571632,0.8315583883679267,0.7981487871259894,0.5,0.06567440980409726,0.45440810918807983,0.7533225283625545,0.753322528363047,0.6701268742791234,0.8601036269430051,0.753322528363047,0.6701268742791234,0.8601036269430051,0.753322528363047,0.00025
90,0.7662734447933464,0.7462381571614342,0.7432007400555042,0.7447163515016685,0.8438265615295872,0.8143606277844206,0.5,0.06275820483806167,0.7612903225806451,0.7237569060773481,0.7757216876387861,0.7488388710253662,0.8304383480984856,0.7961624860471318,0.5,0.06611612333152411,0.48376166820526123,0.7568126940319272,0.756812694032425,0.708656330749354,0.8119911176905995,0.756812694032425,0.708656330749354,0.8119911176905995,0.756812694032425,0.00025
91,0.7670372570652635,0.7493438320209974,0.7395004625346902,0.744389607970947,0.8463625976087435,0.8153186635452565,0.5,0.06237550566990479,0.7606112054329371,0.7258741258741259,0.768319763138416,0.7464940668824164,0.829962841781774,0.7970766906412379,0.5,0.06599213210755171,0.47946640849113464,0.7538833275797577,0.7538833275802554,0.7063389391979301,0.8082901554404145,0.7538833275802554,0.7063389391979301,0.8082901554404145,0.7538833275802554,0.00025
92,0.769074089790376,0.7505601194921583,0.7437557816836263,0.7471424588792863,0.8455016071956416,0.8157452370764461,0.5,0.06242632136434294,0.764685908319185,0.7380607814761215,0.7549962990377498,0.7464324917672887,0.8336273516434222,0.8004141295410857,0.5,0.06576483754887039,0.4644010365009308,0.7604667124222892,0.7604667124227865,0.708893154190659,0.8201332346410066,0.7604667124227865,0.708893154190659,0.8201332346410066,0.7604667124227865,0.00025
93,0.7706865823644233,0.7502314386224773,0.7496762257169288,0.7499537294095873,0.8524168706663662,0.8210030005819433,0.5,0.06120544047726644,0.7575551782682513,0.7017099430018999,0.8201332346410066,0.7563139931740614,0.8332913859987537,0.8002087034527309,0.5,0.0668462317810095,0.4859530031681061,0.7613976705485899,0.7613976705490848,0.6916565900846433,0.846780162842339,0.7613976705490848,0.6916565900846433,0.846780162842339,0.7613976705490848,0.00025
94,0.769668166001867,0.7504187604690117,0.7459759481961147,0.7481907589534237,0.8481881084637322,0.8171140659436598,0.5,0.062043054020809243,0.7616298811544991,0.7047318611987382,0.8267949666913398,0.760899182561308,0.8340845156754557,0.798558509887556,0.5,0.06678689288920983,0.4978382885456085,0.7618724559018102,0.7618724559023067,0.7031934877896056,0.8312361213915618,0.7618724559023067,0.7031934877896056,0.8312361213915618,0.7618724559023067,0.00025
95,0.7668675210048375,0.7485970819304153,0.7404255319148936,0.7444888847549065,0.8492695751961891,0.825399094816911,0.5,0.06178237843114371,0.7623089983022071,0.7098646034816247,0.8149518874907475,0.7587870434183321,0.8353879787916754,0.7999524952706161,0.5,0.06696350312774371,0.4636756181716919,0.7619967793875921,0.7619967793880837,0.6744583808437856,0.8756476683937824,0.7619967793880837,0.6744583808437856,0.8756476683937824,0.7619967793880837,0.00025
96,0.774166171603157,0.756544502617801,0.7485661424606845,0.7525341765088812,0.8533812025553845,0.8273291884568771,0.5,0.06102224008806905,0.7701188455008489,0.728319783197832,0.7957068837897854,0.7605235231694376,0.8419071518193224,0.8121877892145137,0.5,0.06468405470074944,0.4760938584804535,0.76597175521134,0.7659717552118359,0.7017868145409735,0.8430792005921539,0.7659717552118359,0.7017868145409735,0.8430792005921539,0.7659717552118359,0.00025
97,0.7814648222014767,0.7635991058122206,0.7583718778908418,0.7609765153624802,0.85923994628854,0.832386928909634,0.5,0.06021975538344251,0.7721561969439729,0.7210663198959688,0.8208734270910437,0.7677397023191416,0.8436238967928399,0.8117245104372697,0.5,0.06454747079386168,0.4946865737438202,0.7714383327634251,0.7714383327639222,0.7163705583756346,0.8356772760917839,0.7714383327639222,0.7163705583756346,0.8356772760917839,0.7714383327639222,0.00025
98,0.7773062887210388,0.7592765243333955,0.7533765032377429,0.7563150074294205,0.8579288511705798,0.8316917699818968,0.5,0.060262700690611466,0.7565365025466892,0.6900479616306955,0.8519615099925981,0.7625041404438556,0.8458286858472788,0.8164120376122592,0.5,0.06607144903676214,0.544594943523407,0.7712230215822342,0.7712230215827338,0.7501749475157453,0.7934863064396743,0.7712230215827338,0.7501749475157453,0.7934863064396743,0.7712230215827338,0.00025
99,0.7778154969023169,0.7623799661080776,0.7491211840888067,0.755692422545726,0.8543020222440171,0.8258504821438376,0.5,0.06105311244864026,0.7534804753820034,0.68053148469093,0.8719467061435974,0.764438676184296,0.8436306300365823,0.8135301067996538,0.5,0.06750612355553638,0.5334508419036865,0.7675302245245453,0.7675302245250432,0.719559585492228,0.8223538119911177,0.7675302245250432,0.719559585492228,0.8223538119911177,0.7675302245250432,0.00025
100,0.7745056437240092,0.7542561065877128,0.7541165587419056,0.7541863262096401,0.8576346941919045,0.8285282759834434,0.5,0.06037487773989656,0.767062818336163,0.7041129527317372,0.8490007401924501,0.7697986577181208,0.8438542201649971,0.8131206302484589,0.5,0.06593232476650555,0.5156835913658142,0.7742157876589301,0.7742157876594278,0.724516129032258,0.8312361213915618,0.7742157876594278,0.724516129032258,0.8312361213915618,0.7742157876594278,0.00025
101,0.7802766697784944,0.7620022329735765,0.757631822386679,0.7598107431116059,0.8631410616222683,0.8368614658759714,0.5,0.05927285879090344,0.7429541595925298,0.6653674832962138,0.8845299777942265,0.759453447727995,0.8473838329709764,0.819609341250468,0.5,0.06880032985086959,0.5487866401672363,0.7742157876589301,0.7742157876594278,0.724516129032258,0.8312361213915618,0.7742157876594278,0.724516129032258,0.8312361213915618,0.7742157876594278,0.00025
102,0.7823135025036069,0.7665165165165165,0.7555966697502313,0.7610174229013323,0.8628476443509996,0.8396703156814459,0.5,0.05948279235395988,0.7694397283531409,0.7036363636363636,0.8593634344929681,0.7737420859713429,0.8514418893203324,0.8232759288502196,0.5,0.06589317365165274,0.5081729292869568,0.7775524002699566,0.777552400270453,0.7156191661481021,0.851221317542561,0.777552400270453,0.7156191661481021,0.851221317542561,0.777552400270453,0.00025
103,0.7870661121955359,0.7697466467958272,0.7644773358001851,0.767102942541539,0.8690007191116316,0.8461640664853748,0.5,0.0582292933846298,0.7809847198641766,0.7343957503320053,0.8186528497409327,0.7742387119355968,0.853310480549284,0.8291457634709748,0.5,0.06353873836923334,0.5166566967964172,0.7787737540332043,0.7787737540337039,0.7552155771905424,0.8038490007401925,0.7787737540337039,0.7552155771905424,0.8038490007401925,0.7787737540337039,0.00025
104,0.7812102181108377,0.7675563127011168,0.7502312673450509,0.7587949101796407,0.8630193289896554,0.8394245758616983,0.5,0.05929432097048789,0.7724957555178268,0.7129455909943715,0.843819393042191,0.7728813559322034,0.8550639100921573,0.8287031996718587,0.5,0.06432874757916697,0.5144888162612915,0.778932778932281,0.7789327789327789,0.7322475570032573,0.8319763138415989,0.7789327789327789,0.7322475570032573,0.8319763138415989,0.7789327789327789,0.00025
105,0.7905457014342697,0.7752577319587629,0.7652173913043478,0.7702048417132216,0.8688988280423948,0.845737305924747,0.5,0.058474393683993674,0.7820033955857385,0.729747245625405,0.8334566987416728,0.7781617138908086,0.856247567905924,0.8272560739171385,0.5,0.0639418353198542,0.5114277005195618,0.7838596491223083,0.783859649122807,0.7451634422948632,0.8267949666913398,0.783859649122807,0.7451634422948632,0.8267949666913398,0.783859649122807,0.00025
106,0.7878299244674531,0.7730776461740929,0.7607770582793709,0.7668780305856023,0.8718961949741088,0.8515664763165958,0.5,0.05779111169124969,0.7853989813242784,0.7342019543973941,0.8341968911917098,0.781011781011781,0.8594140499114462,0.8325551617418505,0.5,0.06291175508691418,0.48734402656555176,0.7843803056022198,0.7843803056027164,0.7245922208281054,0.8549222797927462,0.7843803056027164,0.7245922208281054,0.8549222797927462,0.7843803056027164,0.00025
107,0.7903759653738437,0.7761053621825024,0.7631822386679001,0.769589552238806,0.8707664442032901,0.84643734839688,0.5,0.05786774388267777,0.7799660441426146,0.7254650416933932,0.8371576609918578,0.777319587628866,0.8581031570090281,0.8328494733957733,0.5,0.06280203251791122,0.473255455493927,0.780921052631085,0.780921052631579,0.7027827116637063,0.8786084381939304,0.780921052631579,0.7027827116637063,0.8786084381939304,0.780921052631579,0.00025
108,0.7917338538572519,0.7742055380040884,0.770767807585569,0.7724828481364732,0.8749846764534307,0.853385145630711,0.5,0.057083459381151,0.7840407470288625,0.7689992475545523,0.7564766839378239,0.7626865671641792,0.8620743777321878,0.8377212178005055,0.5,0.06105291660881407,0.4372842013835907,0.7809330628798283,0.7809330628803245,0.7187305538270068,0.8549222797927462,0.7809330628803245,0.7187305538270068,0.8549222797927462,0.7809330628803245,0.00025
109,0.7933463464312993,0.7754080118694362,0.7735430157261795,0.7744743910345466,0.8736334920948485,0.849946285421024,0.5,0.05737283416323191,0.7938879456706281,0.7645803698435277,0.7957068837897854,0.7798331519767864,0.862846843316025,0.838196799213144,0.5,0.06107458283773707,0.4906978905200958,0.7827956989242316,0.7827956989247312,0.7588603196664351,0.8082901554404145,0.7827956989247312,0.7588603196664351,0.8082901554404145,0.7827956989247312,0.00025
110,0.7931766103708733,0.7753246753246753,0.7731729879740981,0.7742473367299676,0.8743010417691016,0.8513471596846744,0.5,0.057219685304527076,0.766723259762309,0.6899313501144165,0.8926720947446336,0.7783155856727977,0.8643757540072087,0.841298193085369,0.5,0.06463549184804254,0.5480905175209045,0.7860169491520433,0.7860169491525424,0.7515192437542201,0.8238341968911918,0.7860169491525424,0.7515192437542201,0.8238341968911918,0.7860169491525424,0.00025
111,0.7975897479419503,0.7849056603773585,0.7696577243293247,0.7772069126576366,0.8765998928439545,0.8575583906845636,0.5,0.05677899818190551,0.766383701188455,0.695575221238938,0.8726868985936344,0.7741300065659882,0.8665238909418834,0.8426883897805499,0.5,0.0644724998781252,0.5385996103286743,0.790729851262041,0.7907298512625389,0.7422077922077922,0.8460399703923019,0.7907298512625389,0.7422077922077922,0.8460399703923019,0.7907298512625389,0.00025
112,0.7975048799117372,0.7817808474892664,0.7748381128584644,0.7782939973982531,0.878776764717059,0.8587137236422917,0.5,0.05622002530106687,0.7796264855687606,0.7145476772616137,0.8652849740932642,0.7827251422832273,0.8670518701236225,0.8419566421754654,0.5,0.06255822862310301,0.5132196545600891,0.785665529009742,0.7856655290102389,0.7289423685877138,0.8519615099925981,0.7856655290102389,0.7289423685877138,0.8519615099925981,0.7856655290102389,0.00025
113,0.8017482814223882,0.788169014084507,0.7765032377428307,0.7822926374650513,0.8849815174676828,0.865496893188418,0.5,0.05498988610031315,0.7806451612903226,0.7171903881700554,0.8615840118430792,0.7827841291190316,0.8651210544352572,0.8405079542738655,0.5,0.06479949168860913,0.49672040343284607,0.7843268586733156,0.7843268586738111,0.7162079510703364,0.8667653589933383,0.7843268586738111,0.7162079510703364,0.8667653589933383,0.7843268586738111,0.00025
114,0.8044640583892048,0.7885724920900801,0.7839037927844589,0.7862312117275932,0.8842402436219091,0.8630172487588712,0.5,0.05531601884342976,0.7826825127334465,0.7171655467318265,0.8689859363434493,0.785809906291834,0.8681013274241767,0.8469416882590846,0.5,0.06380274591995926,0.5357191562652588,0.7907303370781531,0.7907303370786517,0.7521710086840347,0.8334566987416728,0.7907303370786517,0.7521710086840347,0.8334566987416728,0.7907303370786517,0.00025
115,0.8020877535432402,0.787249953262292,0.7790934320074006,0.7831504556444114,0.8822596262766117,0.8623217245709524,0.5,0.05581149764088366,0.7877758913412564,0.7251861042183623,0.8652849740932642,0.7890651366857915,0.8668215467514653,0.846158731851179,0.5,0.06438413677082502,0.5235815048217773,0.7914625612311319,0.7914625612316305,0.7504976775049768,0.8371576609918578,0.7914625612316305,0.7504976775049768,0.8371576609918578,0.7914625612316305,0.00025
116,0.8039548502079267,0.7887665609255458,0.7820536540240518,0.7853957636566332,0.8868337158055747,0.8669575640279541,0.5,0.054744187682717826,0.767402376910017,0.696113074204947,0.8749074759437454,0.7753361757953428,0.8662308787486754,0.847333018941624,0.5,0.06691685038348359,0.5410436987876892,0.7906174542940866,0.7906174542945843,0.7403100775193798,0.848260547742413,0.7906174542945843,0.7403100775193798,0.848260547742413,0.7906174542945843,0.00025
117,0.8044640583892048,0.7890027958993476,0.783163737280296,0.7860724233983287,0.8820506081700248,0.8610924378400886,0.5,0.055842156197834954,0.7792869269949066,0.7154271665642287,0.8615840118430792,0.7817327065144393,0.8694061836253085,0.8496684628120101,0.5,0.06377236185269668,0.5538133382797241,0.7929673484028015,0.7929673484033011,0.7694986072423399,0.8179126572908957,0.7929673484033011,0.7694986072423399,0.8179126572908957,0.7929673484033011,0.00025
118,0.8081982517185776,0.7929942239612446,0.7874190564292322,0.7901968065354623,0.8884662500518521,0.867457352923277,0.5,0.05450885463735198,0.7826825127334465,0.711733174508636,0.8845299777942265,0.7887788778877888,0.8682503875097864,0.8489552777421674,0.5,0.06558337604155817,0.5010246634483337,0.7890392868928698,0.7890392868933641,0.7121573301549463,0.8845299777942265,0.7890392868933641,0.7121573301549463,0.8845299777942265,0.7890392868933641,0.00025
119,0.8078587795977256,0.7929490766648013,0.7864939870490287,0.7897083410737507,0.8888147537688093,0.8687237439653714,0.5,0.05433034773548947,0.7983022071307301,0.7583617747440273,0.8223538119911177,0.7890625,0.8723883140607774,0.8503348950798082,0.5,0.059449035156334804,0.4837145209312439,0.799309153712801,0.7993091537132988,0.7493523316062176,0.8564026646928201,0.7993091537132988,0.7493523316062176,0.8564026646928201,0.7993091537132988,0.00025
120,0.8076041755070865,0.7906632085957762,0.7896392229417206,0.7901508840136999,0.8871392004604172,0.8667951711556929,0.5,0.05474902830273735,0.800339558573854,0.749509483322433,0.848260547742413,0.7958333333333333,0.8773467676250782,0.8556526933553567,0.5,0.058947895354067935,0.4753119647502899,0.7978545088831787,0.7978545088836742,0.7291666666666666,0.8808290155440415,0.7978545088836742,0.7291666666666666,0.8808290155440415,0.7978545088836742,0.00025
121,0.8047186624798438,0.7895522388059701,0.7829787234042553,0.7862517417556897,0.8911810052420599,0.8752385372019564,0.5,0.05375957837451458,0.7894736842105263,0.7277258566978193,0.8645447816432272,0.790257104194858,0.8775404064278793,0.8606523004620656,0.5,0.06004998319875607,0.5348054766654968,0.7933000712753381,0.7933000712758375,0.7649484536082474,0.8238341968911918,0.7933000712758375,0.7649484536082474,0.8238341968911918,0.7933000712758375,0.00025
122,0.8195705677671221,0.8075407990996061,0.7964847363552267,0.8019746646795827,0.8975505386955449,0.8798367661123674,0.5,0.05243592650924318,0.7938879456706281,0.7381562099871959,0.8534418948926721,0.7916237555784414,0.8802109502046442,0.8602488840815107,0.5,0.06089798555549721,0.5469027161598206,0.7992727272722273,0.7992727272727272,0.7855611150822016,0.8134715025906736,0.7992727272727272,0.7855611150822016,0.8134715025906736,0.7992727272727272,0.00025
123,0.8172791309513706,0.8031319910514542,0.7970397779833488,0.8000742873061566,0.8981909947730242,0.8801796313976273,0.5,0.05219727179501403,0.8064516129032258,0.7540663630448926,0.8578830495928942,0.8026315789473685,0.8820804701568706,0.8625399434708755,0.5,0.0606427015891656,0.4965461492538452,0.8034542314330082,0.803454231433506,0.7532383419689119,0.8608438193930422,0.803454231433506,0.7532383419689119,0.8608438193930422,0.803454231433506,0.00025
124,0.8132903335313587,0.799029669714499,0.7922294172062905,0.7956150130063173,0.8940155785280635,0.8726926178757826,0.5,0.05331611200353948,0.8027164685908319,0.7522935779816514,0.8497409326424871,0.7980535279805353,0.8827626174022309,0.8640931498306155,0.5,0.058577325308919966,0.4836437404155731,0.802855200543351,0.8028552005438477,0.7423004399748586,0.8741672834937083,0.8028552005438477,0.7423004399748586,0.8741672834937083,0.8028552005438477,0.00025
125,0.8153271662564712,0.8007077668094618,0.7953746530989825,0.7980322999814368,0.8942016947131807,0.8728322729883896,0.5,0.053249233077380366,0.8020373514431239,0.75,0.8527017024426351,0.7980602701766539,0.8824821429732335,0.8619244328838565,0.5,0.0597531675337379,0.48573777079582214,0.801909307875398,0.801909307875895,0.7433628318584071,0.8704663212435233,0.801909307875895,0.7433628318584071,0.8704663212435233,0.801909307875895,0.00025
126,0.8179580751930747,0.8021876158694846,0.8005550416281221,0.8013704972682656,0.8978600989931568,0.8792990117871956,0.5,0.05241034830547569,0.8054329371816639,0.768646408839779,0.8238341968911918,0.7952840300107181,0.8835696779280556,0.864529812622317,0.5,0.057252869733525454,0.4545218050479889,0.7995944575865263,0.7995944575870226,0.7356965174129353,0.8756476683937824,0.7995944575870226,0.7356965174129353,0.8756476683937824,0.7995944575870226,0.00025
127,0.8179580751930747,0.8068524096385542,0.7929694727104533,0.7998507044881963,0.8982103867103297,0.8812149668625562,0.5,0.05226290111691531,0.7874363327674023,0.7190332326283988,0.8808290155440415,0.7917498336660014,0.8805898693007735,0.8631938210897727,0.5,0.06190245105981422,0.5164119601249695,0.7968855788756037,0.7968855788761002,0.734248284466625,0.8712065136935603,0.7968855788761002,0.734248284466625,0.8712065136935603,0.7968855788761002,0.00025
128,0.8171942629211576,0.8011858439874004,0.8,0.8005924828735419,0.8976544313259994,0.8793863676180462,0.5,0.052408252518741365,0.8101867572156197,0.7792665726375176,0.8179126572908957,0.7981220657276995,0.8844227102559841,0.868085386725742,0.5,0.056572551853284365,0.4853251874446869,0.8005647723256569,0.800564772326156,0.7651821862348178,0.8393782383419689,0.800564772326156,0.7651821862348178,0.8393782383419689,0.800564772326156,0.00025
129,0.8169396588305186,0.8079256731133865,0.7883441258094357,0.798014795392827,0.8973585628674424,0.8813248766142063,0.5,0.05242137749816362,0.7460101867572156,0.6566233766233767,0.9356032568467801,0.7716727716727717,0.8843683799444065,0.8668498049256831,0.5,0.07094953858020046,0.6005269289016724,0.8022322985694352,0.8022322985699337,0.758575197889182,0.851221317542561,0.8022322985699337,0.758575197889182,0.851221317542561,0.8022322985699337,0.000125
130,0.8318764321480099,0.82,0.8116558741905643,0.8158066015806602,0.9089102688502829,0.8934812752719542,0.5,0.049777822427689994,0.7881154499151104,0.714201532115498,0.8971132494448557,0.7952755905511811,0.8872033077408157,0.8703648280085982,0.5,0.06701332197757043,0.5909228920936584,0.8079800498748123,0.8079800498753117,0.7788461538461539,0.8393782383419689,0.8079800498753117,0.7788461538461539,0.8393782383419689,0.8079800498753117,0.000125
131,0.8238988373079861,0.8068558791006266,0.809990749306198,0.8084202751361832,0.9049719505852246,0.8896217567442612,0.5,0.05067993873316293,0.7942275042444822,0.7226539151225344,0.8948926720947447,0.7996031746031746,0.8896718542053056,0.8727724891709354,0.5,0.06224591825410395,0.5431713461875916,0.809671848013319,0.809671848013817,0.7590673575129534,0.8675055514433753,0.809671848013817,0.7590673575129534,0.8675055514433753,0.809671848013817,0.000125
132,0.8266146142748027,0.8146761512542119,0.8051803885291396,0.8099004373313483,0.9074981093948932,0.8935477739325031,0.5,0.04999112168098233,0.8037351443123939,0.7372621240024555,0.8889711324944486,0.8060402684563759,0.8917085443470008,0.8751977189159633,0.5,0.05970157314351236,0.5417986512184143,0.8149964961452618,0.8149964961457603,0.7737857618097139,0.8608438193930422,0.8149964961457603,0.7737857618097139,0.8608438193930422,0.8149964961457603,0.000125
133,0.8345922091148265,0.824812030075188,0.811840888066605,0.8182750582750583,0.9143313668719572,0.9009088282701687,0.5,0.0483320881726811,0.7942275042444822,0.7221228384019082,0.8963730569948186,0.7998678996036989,0.8923201086234743,0.8745364213775346,0.5,0.06323433141896093,0.5548419952392578,0.8148662730109643,0.8148662730114623,0.7676701570680629,0.8682457438934122,0.8148662730114623,0.7676701570680629,0.8682457438934122,0.8148662730114623,0.000125
134,0.8316218280573708,0.8203783480052445,0.8103607770582794,0.8153387937453462,0.9109075803764617,0.8972227151691203,0.5,0.04925237435489946,0.8132427843803056,0.7602339181286549,0.8660251665433013,0.8096885813148789,0.8927364088314153,0.8762938035219929,0.5,0.05855406199808032,0.5366286039352417,0.8143369175622245,0.814336917562724,0.7894371091035441,0.840858623242043,0.814336917562724,0.7894371091035441,0.840858623242043,0.814336917562724,0.000125
135,0.8315369600271578,0.8204647676161919,0.809990749306198,0.8151941160040964,0.9121811824817561,0.8968036401802526,0.5,0.04890215388186757,0.7684210526315789,0.684297520661157,0.9193190229459659,0.784586228679722,0.8914006725813957,0.8742362396092085,0.5,0.0711523579291253,0.6412590146064758,0.8126361655768423,0.8126361655773421,0.797576621525303,0.8282753515914137,0.8126361655773421,0.797576621525303,0.8282753515914137,0.8126361655773421,0.000125
136,0.8363744377492999,0.8230812116706931,0.8194264569842739,0.8212497682180604,0.9151175598125958,0.9021535691127898,0.5,0.0481184967096791,0.8179966044142615,0.7686222808174028,0.8630643967431533,0.8131101813110181,0.8951968289672505,0.8788353000259048,0.5,0.05655773903270124,0.5180707573890686,0.8184397163115577,0.8184397163120567,0.7855684138869979,0.8541820873427091,0.8184397163120567,0.7855684138869979,0.8541820873427091,0.8184397163120567,0.000125
137,0.8359500975982348,0.8227965786537746,0.818686401480111,0.8207363442455717,0.9159376197492014,0.9018626207752627,0.5,0.04791441185302355,0.8061120543293718,0.7440550688360451,0.8800888230940045,0.8063750423872499,0.8949233199628138,0.8791549483445439,0.5,0.06048326426152462,0.5958006978034973,0.8173328352628546,0.8173328352633545,0.8250377073906485,0.8097705403404886,0.8173328352633545,0.8250377073906485,0.8097705403404886,0.8173328352633545,0.000125
138,0.8405329712297378,0.8295327102803738,0.8210915818686402,0.8252905625290563,0.9172603036165309,0.9045185498430988,0.5,0.04760544028645014,0.8016977928692699,0.7357098955132145,0.8860103626943006,0.8038952316991269,0.8967143627983174,0.8828862975771732,0.5,0.058841136437548236,0.5442909002304077,0.8228249383580781,0.822824938358577,0.7849462365591398,0.8645447816432272,0.822824938358577,0.7849462365591398,0.8645447816432272,0.822824938358577,0.000125
139,0.8362895697190869,0.8226884515410323,0.8197964847363552,0.8212399221573533,0.9126061081266575,0.8982243955978613,0.5,0.04882451752094019,0.7850594227504244,0.7067972350230415,0.9082161361954109,0.7949465500485908,0.894368407806105,0.8798736980586741,0.5,0.06235839011169755,0.5862905979156494,0.8191565403854905,0.81915654038599,0.7919834139599171,0.848260547742413,0.81915654038599,0.7919834139599171,0.848260547742413,0.81915654038599,0.000125
140,0.8362047016888738,0.8256794751640113,0.8149861239592969,0.8202979515828678,0.915700666809967,0.899819015864456,0.5,0.04801703328925139,0.8101867572156197,0.7528735632183908,0.8726868985936344,0.8083647583133357,0.8960493969335414,0.8799439234197706,0.5,0.06049619787839101,0.563865065574646,0.8188405797096452,0.8188405797101449,0.8019872249822569,0.8364174685418209,0.8188405797101449,0.8019872249822569,0.8364174685418209,0.8188405797101449,0.000125
141,0.8405329712297378,0.8252767527675277,0.8275670675300647,0.8264203233256351,0.9158752812701154,0.9002941399141303,0.5,0.04797091363322742,0.7870967741935484,0.7099767981438515,0.9059955588452998,0.7960975609756098,0.8963233702996154,0.8819051774487485,0.5,0.06427188946063835,0.5851308703422546,0.8207480592796703,0.8207480592801694,0.7842211732973702,0.8608438193930422,0.8207480592801694,0.7842211732973702,0.8608438193930422,0.8207480592801694,0.000125
142,0.8426546719850633,0.831064702591833,0.8246068455134135,0.8278231797919762,0.9203920507271034,0.9073767520685241,0.5,0.04675216634918188,0.8108658743633277,0.7512658227848101,0.8786084381939304,0.8099624701467076,0.8983790992684446,0.8844469505497088,0.5,0.05765972425481257,0.5689599514007568,0.8204007285969499,0.82040072859745,0.8077474892395983,0.8334566987416728,0.82040072859745,0.8077474892395983,0.8334566987416728,0.82040072859745,0.000125
143,0.8393448188067555,0.8263940520446097,0.8225716928769657,0.8244784422809458,0.917133697617475,0.9041686302735013,0.5,0.047634817145307665,0.8162988115449915,0.7602827763496144,0.8756476683937824,0.8138974888200894,0.898686042310775,0.8847977495399689,0.5,0.059483151363623164,0.549729585647583,0.8209544312876239,0.8209544312881234,0.7966573816155988,0.846780162842339,0.8209544312881234,0.7966573816155988,0.846780162842339,0.8209544312881234,0.000125
144,0.837138250021217,0.8254294249439881,0.8179463459759482,0.8216708484341604,0.9189575114966485,0.9072090942092427,0.5,0.04706908167635232,0.8190152801358235,0.7615089514066496,0.8815692079940785,0.8171526586620926,0.8997155320609205,0.8859621771516879,0.5,0.058967910856894,0.5745102167129517,0.8243938280670974,0.8243938280675973,0.8183807439824945,0.8304959289415248,0.8243938280675973,0.8183807439824945,0.8304959289415248,0.8243938280675973,0.000125
145,0.8379869303233471,0.824907063197026,0.8210915818686402,0.8229949003245248,0.9210638355888607,0.9086640611520731,0.5,0.04654102685056588,0.8047538200339559,0.7340168878166465,0.9008142116950407,0.8089066134928548,0.9006284670400753,0.8872399242874696,0.5,0.06009736107709756,0.5901064872741699,0.8232304900176489,0.8232304900181489,0.8076923076923077,0.8393782383419689,0.8232304900181489,0.8076923076923077,0.8393782383419689,0.8232304900181489,0.000125
146,0.8401934991088856,0.8264738598442715,0.8247918593894542,0.8256320029632374,0.9211397643785341,0.908819090842535,0.5,0.046472274988945336,0.799660441426146,0.7310261080752884,0.8911917098445595,0.8032021347565044,0.9010566084697705,0.8869923192282515,0.5,0.06021692061730374,0.5958528518676758,0.8253851797500502,0.8253851797505503,0.8181818181818182,0.8327165062916358,0.8253851797505503,0.8181818181818182,0.8327165062916358,0.8253851797505503,0.000125
147,0.8429941441059153,0.8297161936560935,0.8275670675300647,0.828640237124861,0.9185001837665263,0.9038331307192551,0.5,0.047256560899588525,0.8173174872665535,0.7637897469175859,0.8712065136935603,0.813969571230982,0.9014587456477705,0.8870437360076875,0.5,0.05585812082441432,0.5538309812545776,0.8246515040347165,0.8246515040352165,0.8174545454545454,0.8319763138415989,0.8246515040352165,0.8174545454545454,0.8319763138415989,0.8246515040352165,0.000125
148,0.8400237630484596,0.8271375464684015,0.8233117483811286,0.8252202132591563,0.9189426303241166,0.9030498453288793,0.5,0.04708557037310521,0.8108658743633277,0.7456683168316832,0.8919319022945966,0.8122682844624199,0.9016909264664773,0.8884919595823739,0.5,0.05797048938699408,0.5867235064506531,0.8240501659899093,0.8240501659904095,0.8213235294117647,0.8267949666913398,0.8240501659904095,0.8213235294117647,0.8267949666913398,0.8240501659904095,0.000125
149,0.8472375456165663,0.8341056533827618,0.8325624421831638,0.8333333333333334,0.9230503560893439,0.9103209710400474,0.5,0.04611009522560527,0.8010186757215619,0.7302829620710415,0.8978534418948927,0.8054448871181938,0.9016651543956008,0.889105067785119,0.5,0.060699921140545295,0.5793244242668152,0.8247496423457095,0.8247496423462088,0.797923875432526,0.8534418948926721,0.8247496423462088,0.797923875432526,0.8534418948926721,0.8247496423462088,0.000125
150,0.8446066366799626,0.83265078183172,0.8275670675300647,0.8301011413194767,0.9212302117390694,0.9106152169543542,0.5,0.04655472127315873,0.8166383701188455,0.76043673731535,0.8763878608438194,0.8143053645116919,0.9031141948851493,0.8901177595465979,0.5,0.056597411380179465,0.5512502193450928,0.8262910798117068,0.8262910798122066,0.8067700987306065,0.846780162842339,0.8262910798122066,0.8067700987306065,0.846780162842339,0.8262910798122066,0.000125
151,0.8351862853263176,0.824798349277809,0.8135060129509714,0.819113263785395,0.9186116040076476,0.904847297720072,0.5,0.04713611889715603,0.7932088285229202,0.7151972157772621,0.9126572908956329,0.8019512195121952,0.9013222233263707,0.8871470092475662,0.5,0.06363761282457965,0.626014769077301,0.8258302583020829,0.825830258302583,0.8233995584988962,0.8282753515914137,0.825830258302583,0.8233995584988962,0.8282753515914137,0.825830258302583,0.000125
152,0.8490197742510396,0.8392589820359282,0.8297872340425532,0.8344962322076472,0.9255633597104291,0.9142494176684449,0.5,0.04531235936916887,0.8105263157894737,0.743700061462815,0.8956328645447816,0.8126259234385493,0.9035195825946113,0.890057495753245,0.5,0.06060706505833387,0.581415593624115,0.8299711815556963,0.829971181556196,0.8084210526315789,0.8527017024426351,0.829971181556196,0.8084210526315789,0.8527017024426351,0.829971181556196,0.000125
153,0.8477467537978444,0.8371615312791784,0.8294172062904718,0.833271375464684,0.9248816250588503,0.9135462118322714,0.5,0.045543201187415124,0.8,0.7246462264150944,0.9096965210954848,0.8066951099442075,0.904366113859616,0.8917055677839266,0.5,0.0629009892699168,0.6131646633148193,0.8280907095825285,0.8280907095830286,0.8185104844540854,0.8378978534418949,0.8280907095830286,0.8185104844540854,0.8378978534418949,0.8280907095830286,0.000125
154,0.8448612407706018,0.8342365912913474,0.8259019426456984,0.8300483451097063,0.9233976994809574,0.9096979369158786,0.5,0.045906589392025375,0.8230899830220713,0.7639949109414759,0.8889711324944486,0.8217584673280875,0.9047115989178516,0.8921819028302895,0.5,0.05752097201013403,0.5478761196136475,0.8298784846313805,0.82987848463188,0.8023496890117484,0.8593634344929681,0.82987848463188,0.8023496890117484,0.8593634344929681,0.82987848463188,0.000125
155,0.8491046422812526,0.8375209380234506,0.8325624421831638,0.8350343291890889,0.9245056651434496,0.9137093069564411,0.5,0.045687543398519735,0.7918505942275043,0.7101366742596811,0.923019985196151,0.8027035725780496,0.9059793061879904,0.8937435231362927,0.5,0.06708493837849545,0.615378737449646,0.8276846236170532,0.8276846236175526,0.7988980716253443,0.8586232420429312,0.8276846236175526,0.7988980716253443,0.8586232420429312,0.8276846236175526,0.000125
156,0.8439276924382585,0.8354025583145221,0.8216466234967622,0.8284674937039456,0.9227386491898464,0.9114111417327839,0.5,0.046054844964786616,0.7932088285229202,0.7151972157772621,0.9126572908956329,0.8019512195121952,0.906656345455339,0.8962059037358785,0.5,0.06322817916116963,0.5948047041893005,0.8297720797715804,0.8297720797720798,0.7995881949210707,0.8623242042931162,0.8297720797720798,0.7995881949210707,0.8623242042931162,0.8297720797720798,0.000125
157,0.8496987184927438,0.8376068376068376,0.8340425531914893,0.835820895522388,0.9259365493490721,0.9124654180738793,0.5,0.04530468152894929,0.8084889643463498,0.7369054786273329,0.9059955588452998,0.8127490039840638,0.907866007520801,0.8976172537551157,0.5,0.05915213787615147,0.6140483617782593,0.8320297951577867,0.8320297951582868,0.8373313343328336,0.8267949666913398,0.8320297951582868,0.8373313343328336,0.8267949666913398,0.8320297951582868,0.000125
158,0.8491046422812526,0.8363939899833055,0.8342275670675301,0.8353093738421637,0.9258664802023839,0.912053771214656,0.5,0.04521564332964181,0.8169779286926995,0.7540675844806007,0.8919319022945966,0.8172261783655477,0.9087427222922377,0.8991762759163567,0.5,0.05613999171198325,0.570256233215332,0.8350851757878294,0.8350851757883291,0.8181818181818182,0.8527017024426351,0.8350851757883291,0.8181818181818182,0.8527017024426351,0.8350851757883291,0.000125
159,0.8474072816769923,0.833425771861712,0.8340425531914893,0.8337340484557055,0.9260269386933402,0.9126462628535136,0.5,0.045182271576234785,0.8186757215619694,0.7561128526645768,0.8926720947446336,0.8187372708757638,0.9081032963175193,0.8977933976089338,0.5,0.057358897738601436,0.5432260036468506,0.833392039450012,0.8333920394505108,0.7950268817204301,0.8756476683937824,0.8333920394505108,0.7950268817204301,0.8756476683937824,0.8333920394505108,0.000125
160,0.8441822965288975,0.8308918969033933,0.8290471785383904,0.8299685126875347,0.9238328649970164,0.9124484865341604,0.5,0.04578856354402123,0.8213921901528014,0.7576514678326046,0.8978534418948927,0.8218157181571816,0.9077782431713299,0.8967648613012088,0.5,0.05743983776477784,0.5839921236038208,0.8324836125268126,0.8324836125273124,0.8193548387096774,0.8460399703923019,0.8324836125273124,0.8193548387096774,0.8460399703923019,0.8324836125273124,0.000125
